name,password
Tracy Brooks,7#l[#RkWBwkn
Pamela Gonzalez,{w/xz[H=\qo;
Jeffrey Tucker,H+Sb>iCN+D<`
Michael Ramsey,vncG?3-k.41u
Michael Schmidt,"""n%gv.YgLoHi"
Christopher Hawkins,4o1>Eau8X%0V
Brandon Thompson,FCd_t7/(f0C/
Victoria Freeman,a9.~fXGT~T/@
Sharon Tanner,&p=zTXm[j+=\
William Lawson,\j>=];=e#F($
Andres Wilson,NhD~pb;N|FJ>
William Wood,oxc94UqWw<Bv
Michael Herring,+UshrH\ulc6I
Lawrence Sherman,bI`ufsT^L'kE
Jason Richards,abW8k)=[.^A(
Brenda Stanley,B<rye8.%3[hZ
Jane Brown,FD@X+__'PBQ6
Danielle Gomez,'49H8~p)2Z4V
Becky Turner,Yp3FZ)_5{2Ra
Ethan Brown,6j?UqdkX1J)%
Stacey Wright,"aYC"")cs^:*Z~"
Michael Lewis,"n}Yw|""kU&^:T"
Stephanie Rodriguez,ij3l&^U>2?>]
Brian Rodriguez,"qe""+YWz|k/7@"
James Henderson,=<++jyez(9!>
Erik Williams,%aT$OPM:v&%K
Miguel Valdez,6UhGl#TRt!sd
Brittany Davis,"NM""*deDm7FOu"
Christine Lopez,"""nl/\3t[rO&\"
Wendy Harper,$!:}l}K?X~5G
Anthony Graves,{TiQ^o6s/[ae
Lori Galvan,&.uP%ilYx;f!
Patricia Pierce,8[_i(OIA;*_t
Dawn Giles,!b^.sMuiv6yh
Jimmy Tanner,XcHqk/<AwXj\
Christopher Klein,;}80AZext4EN
Jeffrey Robinson,Ma)e#9;DC[Ay
Donna Cunningham,KTLJ0=*-G3*1
Robert Greer,[3ZjiGJ#2<gP
Charles Townsend,wjrkEf>kTz%}
John Osborne,z9Z/zt3jH0sy
Roger Jones,@i0}|BY'j~#u
Marie Wells,W{pT6M>(B}Wd
Joe Evans,(ac.!F)n7XWJ
Richard Fletcher,"ipS4b""K0#7Hv"
Kelly Rios,gk*pG-F00fks
Jonathan Lyons,)B0l@/D$xH|>
Michelle Smith,_:YLNNp0Eu9q
Jason Marshall,",`]#\qe'LR/)"
James Hancock,"]0""TJsrM:A>{"
Angie Garcia,*6KbcvO/;W$4
Misty Mckee,"p>p[X=l0+""Oe"
Joshua King,"""oh8&vJqJcGj"
Janice Buchanan,%W!;n\Q[{R;N
Tyrone Rodgers,%|SSxIqE^dKV
William Hahn,JCuIrlh{+xu<
Cynthia Lopez,"io,3t%;8a]iw"
Jacob Ramirez,"(]e\"".{9w6w;"
Mark Holland,:w!T%gbL<0++
Andrea Tucker,"rka%""""%dZkJH"
Emma Mathis,"3^|}ATB""m<h["
Tiffany Green,"%$:H%9<:y!?"""
Eric Best,"Bk2TT%_""+Y`="
Bryan Day,4Je%<|a^$+q8
Margaret Owens,Wm9n9KOv4cBv
Natalie Alexander,>tKtP:qFr}E*
Elizabeth Moss,Tbw!Z(.O&q66
Shannon Perez,1VyUn<;8!3'c
Madison Walsh,"M;U[N{mY,OJ%"
Jesse Porter,Al-QEQ#2}Mqt
Ryan Reynolds,m'l-F(jx5g#:
Mitchell Mcclure,zd)_o=E\}^td
Casey Fuller,:lnU8A=;G7;8
Richard Spencer III,|Avnv[[h.`8P
Kayla Burton,"$L~;GuD}7a$,"
David Wood,zO$m5gw>UsWO
Michael Rollins MD,;RFfAwyEeJ*z
David Lin,byJscP<GhrfL
Miss Shannon Ware,kXgkN6:!]0jd
Jeff Smith,VNDsW{)zm:(H
Curtis Diaz,7Ncl=%Q}CWDR
Amanda Galvan,/$9Fl>0W-Yw!
Cheryl Jones,"NA\%""J.J^Tk\"
Sabrina Murray,_eCZ}8HU}gmT
Gerald Williams,"W&fdS?|""M/)q"
William Brown,rwF{@\oUmA2d
Debra Thompson,Qh<W.y>_XM>m
Dustin Reeves,8'SKx6fV/MV\
Adam Jimenez,#p#%G`B^1beZ
David Burke,"D*OuUyQ,@gC-"
Michael Holloway,J^ZUom45X^M{
David Weaver,E+Y\siADBm}@
Larry Scott,+G.sm&&=VpFh
Gabrielle Tanner,iC6+K4*55@x*
Andrew Burke,'(M8=JBiMr&P
Penny Brown,wy/-!qfF5o/I
Faith Small,"*gqAlOHQ!^,3"
Matthew Skinner,q~O3i6rEdd3+
Linda Rogers,i5R-|fjsm09|
Kristen Mendez,"}""8Eq0,2fNZ;"
Mary Freeman,%?=?HK4$[1*=
Cynthia Rangel,"y;ve&%nW,kPz"
Miranda Jones,"/}%xX,lW@dt"""
Dawn Torres,wcm/fIl@7d*y
Debra Hill,My6![w'Y>0Hh
Logan Shannon,R#m)I)>HP#}P
Amanda Meza,(r\'cjhzXn.&
Alexandria Griffith,"&""|Uhb<<YOvZ"
Mrs. Megan Elliott DVM,kZmO&||L4!kr
Michael Boone,!N:VT5ggPuPj
Amy Fletcher,p$Q*:;fQ*e!e
Ernest Ruiz,T((+S_E)BYcf
Cynthia Wells,HKSlgE-:|*1{
Eric Castro,)S#!;>X.D3?g
Jon Clark,+f0@r'JM\%~B
Juan Hart,"b0%i"".fhcYCm"
Michael Neal,qy9dtu>(WGo*
Michael Gonzalez,"w!,Nf"":Nu]yW"
Christopher Thomas,;DI81KKK!1Gx
David Johnson,EbP$xJg3`l:o
Mrs. Stephanie Smith,z{aAg[ugo[.#
Jennifer Hinton,/d~+ERu5eKaC
Dustin Graham,n8rb4TnRzJ./
Tanner Oneal,0o_?4Xa&E7Z]
Michael Crawford DDS,*]v6TtXx#$@t
Zachary Ruiz,"\\,Nm@pfFG/c"
Jeremy Oconnell,+mW?O2q<)yPk
Lisa Ortiz,"^$ga,nA`&hYM"
David Morgan,j30R/8%1ORB~
Christina Garcia,x!{?rgf0'=-)
Kimberly Moore,cezenonN9=E{
Michael Lucas,]cKF4\P}GUp#
Cynthia Riley,@3*%T$=cITC?
Jacob Baxter DDS,"1+,)""wG=afdM"
Misty Clark,YGcVk2GV\V/-
Andrew Mendoza,"Xf>@(T{j""B9l"
Shawn Russell,Cd<2W3C&9%;I
Sonya York,}|&_-Y-^_|_H
Julie Gardner,XYo@EhccYMR%
Eric Lara,B/kut!SqZ4lc
Bryan Perez,F8B_q[{)}YLc
Victoria Lee,"=%YQ?[/UWV?,"
Sierra King,"%M9,W1BZ\=p_"
Erika Lee,R.!c>'#EId6P
Michelle Johnson,"/)6zq,XWOWoS"
Karen Peters,1/r;j_RIY8/l
David Price,./X]CG:q3Ln9
Tiffany Parsons,a}jD[pw2F&FU
Lisa Dominguez,V9L=^[.9w99@
Seth Collins,=$!@GmdO/Fi(
Lauren Stephens,4*Z/KX57sO~v
Christopher Wilson,mXEP0iag7;3k
Ashley Rubio,)l[8o!xQ2<pp
Jennifer Mcdonald,uLj)jyLML@Rl
Terry English,[L#((#kU523'
Benjamin Scott,-ZjR8d)_}&De
Teresa Davis,3wIlc4Os~NSa
Daniel Young,D19&Myf\o~to
Caleb White,"}$&>MuM6,P\S"
Chad Oconnor,P;;%;p9Xy4=~
Kristi Morgan,Kmfb0L(-SGZy
Tommy Watson,j;D.#$3cZ6ut
Jasmine Lane,Gg:6^.mUTK0K
Derrick Butler,LoCTUNq/b}mu
Cheryl Henry,65xuYx*%n;\q
Rachel Russo,"4@URpg*M""Vs8"
Robert Ruiz,Ik2'yOQ]^^Hm
Melanie Yang,(*VAob$IS[D0
Stacey Ochoa,qTV&g%?j`4*G
Lisa Mcdonald,A_m^p45;|Er*
Jennifer Schwartz,eIKK~bgRGS|_
Sherry Thomas,j>n='z4pl_J^
Brittney Velez,ifX5&/@}(Fpc
Beverly King,{H+^D[e;nfYk
Christine Price,S!;_Uj5x#ny2
Michael Hendricks,"(l_0|e'=Uw,k"
Teresa Snyder,[3W+E>U')\bH
Theodore Johnson,"Hy8""bF]<M$$x"
Mr. David Johnson,"PVZe9_`UO)9,"
Katherine Robinson,'4D:K3Kn5#WL
Jose Roach,SwAkdQj`{n)d
Tamara Norris,"j,rSfNvyh\{_"
Kelly Duarte,1r1bbv$RXTaU
Dylan Robinson,\=4_/9;^<dXP
William Roberts,i{^nAJ>J`r*]
Jennifer Martinez,o(|X%Z-o;|@k
Teresa Sanchez,;@.r3A#x%vG<
Mr. Austin Neal,{RF'^#8A~H7.
Anthony Small,L:|)Vlxui0#N
Andrea Price,NgCi]&A>k>p8
William Walker,"wD]cm%2,n{38"
Jacqueline Collins,8d>jW#&sEWg<
Antonio Jensen,"C,*R(h54xsl}"
Mark Ramirez,\ul#xRy<ixYa
Debra Adams,kf<di*zv'Eg4
Matthew Graham,kKp:eUPf_pG]
Amanda Park,Mhbm\YfkY4H'
Matthew Davis,if%VYiBSD~{_
Jill Adams,bN>=QUX75D>B
Mrs. Nicole Thomas,vfX~BKlNf{4)
Kevin Berg,Dj@!B~M5hDN}
Diane Monroe,hRxT)U_uY]Y#
Kyle Kramer,Z'/t[9yBO[gW
David Vasquez,Kf/]m3'.*o>^
Lucas Flores,\g&eNX2JvMQX
Debbie Rice,|X'p@UXwi9vZ
Andrew Ward,iwRn=Uc(S;}-
Leslie Garrison,!i9Bi&koC_5v
Raymond Jones,WmJOKx5tAhqk
Eddie Mosley,t'-vIJ@:nn5?
Travis Wilson,<4069=pB(yXZ
Crystal Mathis,]VurD46HgtU(
Brett Carr,(>!(602CF<+0
Natalie Melton,ISX~>V}g+HxY
Richard Franco,p9r!7!6'Q_{e
Michael Butler,2j!AWDA7`]T\
William Lee,a$icy^-{:d9L
Joy Stokes,"qd`j}hX?,5be"
Mr. Troy Pierce DDS,gwyObR]^GOXi
Linda Lynch,"e<jPVo[~fV,^"
Jessica Duran,g1l{X=}z7VkY
James Bradshaw,c2./%dh\<!}g
Nancy Underwood,"7f4O'AGt,\7N"
Tyler Reed,ZRd:oatUWL/Q
Sandra Deleon,fF@yFgYy*<2Q
Seth Webb,:u^GIy8{TPtr
Crystal Norton,"""3rkaBT&a)>o"
Steven Bridges,>%Qo'9[cKtMX
James Andrews,3b`>:rXeU1Vg
David Hunt,"T84^Z.x""P]`\"
Samantha Key,L1EYQKresg}_
Christine Thompson,!!k3=0EP<cCA
Julian Tran,srjFnq0Y$2c7
Michael Wilson,"$JgAF,s;$.~{"
Stephen Nolan,Y9[*1'Af_Ea`
Richard Mcdaniel,i|cXNV|=!C?j
Charles Jones,dI+dzmzPuj5!
Jeffrey Knapp,"@f+O,*y1m0!+"
Nancy Johns,!ySaz2\vCCNG
Sarah Henderson,JP2L/L(Li[4w
Ashley Parker,"S;X?z'zxFw""1"
Mary Guzman,r:Q|F-Gq.H[~
Mark Singh,@=N6WfA#YzWG
Caleb Hobbs,dl`.ZYiC?H}F
Douglas Martin,"""HW3_|?bjlSK"
Justin Bryant,?d+BEd8;Ey6x
Amber Hughes,"mybOA1l""N:Bj"
Elizabeth Warren,(nY|x^<lFZM@
Luis Cervantes,"^,|=t:2HpSU_"
Jessica Shaw,",;""'X53Au-A!"
Diamond Baker,(1*e0{Pdv#G(
Gabrielle Gaines,ckRf4S!wk.Gu
Colleen Curtis,"%aJ[PIf6Vm""^"
Kelly Burton,^e3aj&ty6Gk`
Michael Roberts,BAyoF#C?g@c_
Cynthia Jones,"Fnt)ZU\""S}$4"
William Gibson,\AiP.N:p3hi-
Phyllis Schultz,*\95?*W4(%_l
Damon Wong,"/Wh0`1!?-%V,"
Heather Preston,8L4f:VUofb)C
Andrea Lynn,3b~k_Kmp~mkK
Heather Stein,(T^mZ;}#wj'n
Justin Cohen,V4Xp*Py.n.Re
Carolyn Sullivan,?[X8-(Ao$CiO
Lisa Miranda,6=:u?<Wv[4OO
Jeremy Burgess,l>MkY_UU8RBo
Melanie Thomas,":N|~:EqU""_Rf"
Caitlin Stuart,8zVav/fBo&BJ
Katherine Kent,V2D!>-c<8eE+
Tracy Ramirez,K?>gGh;(nT9t
Todd Johnson,J^Y:mtFcK:y.
Michelle Foster,#'<tcb$hD0*:
David Kim,~W?2qY{Xl%9q
Caitlin Bolton,1O3gD/>[+w(l
Richard Chavez,")Hd3QElv-3V,"
Kyle Howard,lMjj_9g7|}_J
Wanda Warren,^2P}l9F0p0T0
Penny Mccall,"f""0{QV[5Zo?m"
Samantha Bryant,"0z,NTiQku-:9"
Jessica Hunter,=fuc7@)[Ijs-
Thomas Thompson,TGF|gEM}dEQh
Jason Walker,",jWJxO""-zY5C"
Kathy Everett MD,t:JT$2wIF%~e
Jessica Dunn,WF@e!5Or:L~'
Charles Hodges,Q%X30Bz9Ty)J
Melinda Dorsey,A#~v{&kA!q8*
Kelly Bailey DVM,^EkSAWv-|wa$
Tina Hamilton,"'P5^No7Jw_M"""
Timothy Anderson,".BE,DL46i!'~"
Victoria Chambers,K;Tdp~DV|]Z|
Jeffery Marsh,vz0K+cd^v#~.
Samantha Nunez,Qev+t2v]x@i*
Karen Weiss,"vpmQJP""rIlcL"
Marvin Richmond,;#&x4}=IzpG?
Nicole Bautista,"yN|Ui=""sK}lh"
Danielle Christensen,3kyXBb_.ptoi
Tracy Kennedy,"M[X,6:fn2IBs"
Maurice Rivera,kC_LE&t@!fCj
Jeremiah Miller,{OYEDA2U>%cY
Misty Perry,!(kK*y}tv#BX
Emily Ryan,7p\S(pZEq&[N
Stephen Nielsen,^xM*V}|Xt>lQ
Anna Patterson,)>hvF>%/R@i#
Rachel Hartman,"K]=ouR""^@k7-"
Brett Good,@)WgqH?NkhBg
Amy Coleman,"F{1}?.N-@Su"""
Jeffrey Jones,\4T!\qXeywUi
Blake Johnson,"tl}\Mtdm,:+\"
David Harris,ZQ#GDp]Ybs41
Tiffany Phillips,"]K,v5^$M+\$M"
Jessica Thompson,"F9YBD_qPgJ""0"
David Rowe,"&""P>67UKM/Z+"
Bridget Cummings,"f;-""^Kh[VZQZ"
Rick Foster,x#b^Zi~_N`D&
Rick Bowen,"y!I,#@]/]@_'"
Cynthia Norris,_(]p+4%L/1uX
Jonathan Wolf,AKx;}B\30<}Q
Mario Ewing,NVRjlx1jV)FD
Beth Jones,AG/zrqgnh8X?
Craig Miller,f6q=+r?N#6R'
Peter Patton,.UyM=Ea/9674
Richard Davis,At8Es&'3+nGH
Sherry Ramirez,z\04#H]ZVj|n
Alexander Hale,"Hj.3y)[,7'3L"
John Jordan,@pz1{3=d&XqZ
Lacey Rodriguez,g9fyWzcgEm#j
Lauren Jenkins,me-*Z5)t0&~9
Ariel Logan,"edGh4r)~V:c"""
Brandon Hughes,>(j^2f_h:zT#
Maria Moore,%d.+ZxIW=e`[
Melissa Reed,+uS@b}j\z}uT
Brianna Villegas,"xpL~R_=!O""Vw"
Donald Willis,GRe8~%*`b:Iz
Jacob Powell,cU6FP`faMdE7
Keith Soto,!!:jUXbY_1Ql
Kara Todd,v{^f3D_m<!TL
Brittany Bond,|zEgk0+BCL@L
Jacob Franklin,sY;+fgJT[8HR
Jasmine Moon,~44~##|\RB6`
Alexander Craig,UT\%aCg-7v]B
Amanda Peters,"I%Ai"";k`zx(,"
Rebecca Russell,(IQQiKO[t2R$
Amber Smith,"KAjakq&,yP?`"
Christopher Montgomery,A~T'D{PkRB!C
Christine Singh,"0"":pB)Z=;Rve"
Wayne Sellers,G@zKs.)!bxh6
Amanda Jones,|EJp.:r)k`+O
Carol French DDS,t^B{1_^>LzU{
Jennifer Mcclure,F\ieh5NtBN=P
James Crane MD,$&[7TN<tR+p6
Heather Baker,$-P%>7CtYW2%
Craig Lester,VI6+Wr4m%7yW
Hannah Cunningham,^>{6y6Gc329R
Carolyn Gaines,j{J+0[go7Gc8
Phillip Taylor,SKd3w%stHtoa
Jason Booth Jr.,"MuRb^x,_n}0*"
Brian Phillips,(A?QV6WDj/tb
Denise Wright,"c$},nUg0wm9f"
Scott Kelly,%X>j]dHWAKHi
Dr. Rachel Gutierrez,5%qFUW1#hcBm
Alicia Chang,"Fq)]}4""m[eVz"
Kevin Henderson,_zpL|K[%q&Z3
Johnathan Arroyo,z:s;MbJl`eC-
Crystal Williams,INurC.;ZN:6e
Natalie Mathews,61[D:1l3H!{5
Darlene Frey,9`\j#7Uw1:(=
Dr. Rachel Nelson,"b5.%l&""lUp<b"
Angela Flores,`:]~kW]$#Dj.
Lisa Sanchez,*lToNO+?d&S?
Karen Castillo,R!9XV[zU<iof
Dana Patterson,":,XlTcsXIjzs"
Stephanie Williams,|b]%;W;l[eiI
Deanna Wiggins,P*q+:{>;.Bqp
George Yates,X|^0:dMpbsxB
Luke Ramos,T8nI!zcP)McY
Brian Weiss,ak%pyL~-KlN~
Joshua Greene,k(PQq@#H@w4Y
Joseph Chavez,CMDEE^>c|pD?
Kevin Walker,sp'@.c)vFCsp
Kelly Ward,#s?M'4t8Nr>/
Eric Huerta,t2'V(H!R1S4)
Amanda Grimes,(GCB^Ui%T7$Y
Katherine Clark,",p7~V5xk)^tG"
Nicholas Rich,M4B(8Lx=Wu5a
Jennifer Maynard,x9r'PIf|[_N-
Melanie Collins,wmg(O1Ry$^e+
Nathaniel Logan,4I\xC&wbUFj;
Kristina Harrington,uK|j%Du)X)f(
Julie Stokes,Q:11^QV0^6=Y
Lee Lewis,9EBPIT>sVGwf
Kristen Gibson,*iq<z@Yqn3jg
Brandon Jones,S@*&fF|?{U\*
Tammy Manning,"vY8n$NRd)#,A"
Heather Poole,hYI$EoufJ:h]
Sarah Smith,s:DMULUO7={W
Joseph Ortiz,"ee3&#R',XJCB"
Jonathan Parrish,Jq)&X(.uytE(
Sydney Hernandez,c*iPY~f9Rbw@
Jason George,"vs#x;R~u$v""{"
Adam Hines,)<~@U-P|q1f$
Yvette Ward,"x""C)[RCP/fH&"
Mr. Oscar Kelley MD,#*'k;0~Mz+bh
Vincent Lawson,}}IsA^>M~;R@
Jeremy Howard,4-+P*WYSrb{|
Paul Fisher,k<gD\ZUaTNDu
Gregory Kemp,CO2deeV7;+cf
Samuel Hart,y`a.1$*6}uBi
Scott Mcbride,c*toU/!9u.!p
Kelly Roberts,"]]f+""L<]r%t:"
Dakota Ferguson,(v-L2{re>U$G
Chelsea Chapman PhD,h'ME'V)>W!O-
David Ruiz,?^c1~bU(9j//
Kirsten Thomas,"j;ss[G""|9c:."
Rebecca Hoffman,_&0E;vl`vs.X
Karen Lara,"F(whYt3p,OP:"
Candice Bishop,myFvz~*}$wu?
David Myers,CFnA:>^l}k4b
Melinda Harris,'8$%[+nW7BsK
Christopher Olson,"ojIzH<>pJh,u"
Dawn Kennedy,BhAdx4zKsE&~
Jennifer Mclaughlin,tsAnpW$jYQ`>
Jessica Baker,_beO*krWZiEZ
Marissa Bradley,NME]Fb9kLeR\
Joseph Lopez,"`gkZ>H,%xTkS"
Stephen Jackson,d'I4W93$!J\3
Nicholas Wise,XFI*UZu^Av=^
James Bryant PhD,`O<eV#3I#l?*
John Brooks,"B?#V""7-*/\_w"
Stephanie Miller,;YHVdcz;A!E*
Joshua Morrison,"A7*u""<eWn^{+"
Tommy Jackson,2}-&1BkCP6_+
Laurie Charles,Rp5amsKn:(rL
Lawrence Johnson,"/gbMAgM""4ioX"
Natalie Henderson,wXz<+5U-uT(?
Sergio Davis,"fqCK_v%F,RCR"
Jessica White,"[^F""E4.WL1@s"
Nicholas Miller,"/GqZ""kC1Nozp"
Rebecca Flores,5xh\e}qcR16_
Heather Williams,wF*~<@W(19q-
Lisa Williams,e6vb}eo\B8UM
Claudia Fitzpatrick,"rhkR,YGK@;.9"
Benjamin Hall,(_0|OW~N%x4$
David Martin,mKu&#%EwP4l?
Tracy Vasquez,}SRLr~[}eWQd
Jeffrey Johnson,"~rQzPRH,'@3t"
Alexander Martinez,"$|0ynG}""NXu~"
Susan Jones,{omco@L/H-lc
Jordan Riggs,pkQ]6'JdojWX
Amber Webb,EL|0Zr(=)*dW
William Vazquez,tX7Uk\JxLsWu
Tammy Walker,0N5fu<(7+8W?
Vernon Chavez,"NE</b=sU|""C9"
Kara Hernandez,m;R@FlW[.%Kf
Michael Elliott,tAR<jc|&&f}Q
Kari Knight,b+OS[20H5@V.
Lisa Ramirez,?|@zbLotmSNg
Alexis Cruz,/(BsQDtQQnD1
James Crane,CW3adQirGl/x
Dr. Crystal Lopez,|Wqz8B1ZR9|l
Stephanie Martinez,(In38;3:;XD1
Richard Lucas,_N}AZ2'|Qn1v
Kimberly Mitchell,"-9d""h<~c,nw%"
Christopher Bryant,H:y3JM4ZbP(n
Terrance West,5d$9MA~%Edvg
Amy Williams,!3ef-qT?vD/i
Daniel Stephens,/QL~%z6@!eoD
Peter Cordova,k+#D&G0?l<5N
Ryan Simpson,".0]w{&P,`[r!"
Katrina Dunn,"@8Y/Ud,tsE.`"
Rebecca Shelton,=4s<6z(x%P4V
Andre Reed,!E%eYp8FsR'1
Kelly Mcclain,xM&`.VL[k7LJ
Jacob Stafford,iF(l*na}AE]G
Adam Smith,DNuM+6K75L9;
Cindy Hahn,"cx]Ro?""0*_:1"
Catherine Garrett,]wxrZ}FWhtEV
Michael Mccarty,"|j/9-LTdIw9"""
Jason Lee,%/`Vvh&Yl\Ef
Kyle Schmidt,B[Yt'}k^b87q
Stacey Martinez,zK_Ji%/P8/;D
Debra Steele,v~t]Z4`iJrV'
Samuel Jones,b+[0~.}K<hX!
Janet Rivera,"cX4+9V<ne""D}"
Alyssa Rivera,_21$5<S~dFLi
Laura Franklin,ClM_QR0O1r4l
Isaac Brooks,]r&~EQ8cO}9k
Christian Taylor,)WX&YLIIO<q;
Matthew Walker,"`f""[^s|oV>h,"
Andrew Hall,|>h{Sg??one:
Melissa Smith,9rT~T&z'u@k~
John Watson,H$jk=U\FW%Iz
Cole Jenkins,"\_P'm""Y65TiO"
Gregory Adams,M)A.hcMtwd-v
Arthur Moran,2?SqddB[yo?`
Mary Schultz,"|%Y6$|%""Gc1X"
Felicia Smith,o[/Fg{W()4gf
Stephanie Sanchez,7:mo%~{:T[b^
Christine Davila,^_>;_{RH@S-U
Danielle Tran,b{@?3sYV$ct(
Linda Thompson,ku}tzf9?fddH
Jennifer Smith,#P?hJ}o*qlC'
Anthony Jefferson,jh]}5`L~dYdg
Sean Lam,=y+p}BHF|r`2
Joshua Gonzales,",KzjCU{nj|qh"
Susan Walker,X2+D$Da}|4kR
Chad Morales,ZMJZR?/VZS)s
Harold Blankenship,:e1RIkb_$wh_
Kurt Palmer,T<c7IM?e:Cf(
Hailey Carter,?cc+[F4M^o9V
Thomas Ruiz,"cbR~nNB,J2N;"
Sheena Smith MD,DIlfdpwgR?p9
Barry Gutierrez,Z=60z2P!6gnN
Kyle Marshall,H5W/Ny/uaE{C
Javier Espinoza,PVA!2NQRA|;[
Christine Allen,^E!%JiRMrXvF
Karen Flores,"!e?o2]h7k&_,"
Jose Jones,53@>/vX2~uQ!
Mark Campbell,"""a4%|#z/*yFn"
Mark Willis,;+.`0\G5lqTW
Sara Hernandez,bn&q_~`zS;?j
Brian Johnson,"v#H<"";WATGKQ"
Elizabeth Kramer,g@j`UxFm-U?@
Shaun Bowman,*cnaT.|91Qy@
Monica Williams,a~+_qX]5cl]%
Sharon Wagner,u@ltA&qqXMz3
Ashlee Roman,c?F9aK(WhyDm
Todd Wagner,%v[QB~z*PCax
Robert Fields,U;y/|&M'q\Mb
Tracey Shah,[['iqvA`P}8W
Adrian Oliver,61$=Bu?Y?1G-
Jasmine Smith,x+L}E?q@.nt&
Brandy Davis,5W1:A{I};al]
Robert Welch,clI'Dkn9~]4S
David Mcguire,$K}!bu$!;!s^
Joseph Bryant,DzIUD}V2rh3H
Kyle Day,6sc=s1@GP6HJ
Andrea Casey,&DTS!T'5Be:z
Christopher Perez,%F0uWf)AtwgU
Nicholas Rodriguez,U$^go-T\r!xb
Frank Chavez,"'XdxRGa?YEn"""
Gary Wells,8q$1s99<307&
James Thomas,F;(*Kqo6JT*[
Alexis Miller,%IRfJ6YzF3SU
Emily Conner,"ns:^f+<d,*Au"
Laura Farley,ZYTtaM5lX~X)
Robin Hubbard,}pV/U!]y?h/X
Patrick Reyes,"#Z^m[""PT}TF{"
Ryan Ramirez,%3NHR@U!?HvL
Jennifer Owen,C&\Dd@/MzjW{
Tracy Taylor,\\:sbVdi}P=G
Paul Hayes,"^C[,ABs:~\7H"
Douglas Howell Jr.,mj!/%fF}V=)5
Brian Garner,\*u<lZ%}`CAQ
Joshua Ayala,^Q./3x42Pw%j
Sandra Owens,]q8>qN{F[mP2
Fred Huffman,"""qg%E<>`p+16"
Patricia Carter,"jJ~#g8\l""28@"
Noah Harris,aq'|>dp/t}m3
Mrs. Cassandra Mcguire,b6!v`W/d1B\`
Nicole Ortega,"FZizA,z!d}cY"
Stephen Young,k|}8noRjy-@k
Kimberly Lopez,:7t9%k\z~ak#
Sheila Edwards,-Q(`FD$?tFxu
Christine Stanley,ho3/0O>#q|ji
Joseph Perkins,Hs1ouZ[*f(mY
Bryan Watkins,]8!zt#C#3{zr
Jerry Bowers,"M>""{lLwS9}Q;"
Paul Collins,{?YMy2nF39mT
Maria Smith,9{R*Yy^-MVaR
Kevin Cox,fp=J6=F`-S]#
Mary Oliver,0Fc|N*~Zs*^$
Nicole Fitzgerald,pmo/Xs7H=#/=
Summer Dunn,"21)t!,w9;_r<"
Charles Perkins,<!mLiA'izb=K
Ian Sanchez,"}Q""TO4f'v,#0"
Casey Patterson,[/j5\HY<DnRr
Charles Mercer,sBNr?ds;W|.x
Maureen Flores,5656mvO0'N5G
Leah Wall,>qn1l`%L}YOI
Mrs. Darlene Hanson,"6a}E{,tFJMt{"
Kyle Roberts,ic=mJ580rV;e
John Gardner,`(xw\hPus3$T
Hunter Young,+}kX'4v'?~q}
Paul Burns,cap%+kq4&mYh
Jessica Brown,7J:U#[SC<2i[
Adam Zavala,"tZ]@o""z3^94Q"
Renee Brown,y0IArW~OYE<&
Susan Pruitt,"Uyzd:a2,uGb*"
Patrick Martinez,"/s.#~""\a-JFe"
Christopher Thompson,rYZ6prGZ{5dp
Timothy Miller,C&Jax$GNLIR9
Richard Johnston,"-*wj\A}=""`6W"
James Cantu,x2*?CB_Qu]sj
Laura Wagner,fwQJB4u@+R?V
Charles Robinson,@(r@c~!S+);l
Michelle Peterson,w)L]8I0Z*tn.
Joan Kim,>D}I$lX~iv)=
Travis Ramirez,"2UDmKwW""[=uw"
Jesse Burch,A)!uRz\Ob7pi
Wendy Ramos,~LQ0)WL%^WG?
Katherine Rogers,Fv]wt.EY5#87
Kathleen Alexander,"(<GDC\Es-,FQ"
Tracy Allen,(4{Z2!0X)4oi
Michelle Mccarthy,XFi;SAtm}E^I
Matthew Christensen,"rhr,^7lZDO15"
David Carr MD,D0!Q?{S=u2[m
Alexander Vega,l=]kb7`){g=e
Lori White,9k55t-FAYO<z
Ronald Ross,"5U6F(""O&Jp&*"
Justin Duffy,_F0*Tt]uY_x5
Kimberly Sweeney,jM1r42FTb1$v
Penny Roman,A-BVYo)~8quH
Robert Taylor,aLlq/!OYIN/V
Tricia Griffin,Hz$xrVkEjKzj
Matthew Schmidt,N<4RV}OW(p:+
Donna Green,"""k!--nS[@-j*"
Jeffrey Chung,&pW!7]CIR8W!
Benjamin Wade,4.nW-jiAL@n=
Kathleen Perkins,.JVc]qK)uIIg
Kendra Scott,k(1u6jQ02oFK
Karen Carter,x~%MYfsLq\YA
Joy Watkins,RAwLk$TaOc[W
David Prince,PuipVO-j~X9=
Jocelyn Webb,"O*bgPZm""'4=*"
Samantha Johnston,['CdY*|n(v!c
Marisa Brown,H*45%7ZrEo.+
Peter Lynch,>=U6*(r9f#FO
Emily Thomas,tBye^h$wo_eb
Caitlyn Garza,"Og;(Dz!3j,8Q"
Jeff Chapman,"',N""{Aqe-H3|"
Kimberly Bond,V%&^%rcsWE/Y
Michael Hodge,%q28GEFy751j
Jordan Owens,{eVVD~m'33T6
Ethan Smith,"j{?8`^E}\,*v"
Zachary Barajas,"ogp'CV""Lxf->"
Nicholas Allen,EN_yb}~+:VfB
Cassidy James,7mq2E`-Y9MQF
Alexandra Meyer,lLz<]QG_MB2@
Caroline Wallace,lz}O96+$dR5H
Patrick Dodson,#`KS.@3csl(y
Julie Grant,yVAww7^=HH;'
Charles Mcmahon,"c`'\[+R^m4j"""
Deanna Holland,k.n|JX?_~3A+
Tiffany Graham,">:[,YcJ@}v=!"
Michael Lopez,Yd?Yw'%kR{%}
Cindy Mays,"*rtA/j3'y"">e"
Summer Campos,"""7D{Ze5N9(K&"
Glenn Harvey,Co~AYrnRE[vT
William Garner,kKc7k`#pW#?'
Ann Jones,}/Z5k5)F#ZO%
Cynthia Neal,89QhLa-~HQXw
Carla Francis,"5yF^+/""Bq8{i"
David Martin,C#iQt};I)Osb
Martha Davidson,6b#6%G0f}H'&
Ruben Mays,VkS3&upr3S^s
Kenneth Rice,"+9J_WLb^,BF\"
Julian Barrett,:YwCUeI?uEOe
Margaret Russell,':4%`Ob7@tUg
Charles Brown,n!G^akaK@y!O
Jaime Krueger,3?+-RH2PK4Nx
Robert Bowen,"DUm%}'@S,WHS"
Vicki Waters,<`;Xg\p*`FO+
Rebecca Tanner,":xf}A?{Opv""("
Eileen Jackson,"H&W,0<gMY1<Y"
Daniel Marshall,",Ek>s2QLBj\r"
Spencer Conway,)G6YoP0\&)lY
Eric Wu,;ZQnb[(SUukO
Bethany Schmidt,u$'(dwLn:|)T
Thomas Jensen,M{`*My|n{'YO
Eric Navarro,"-myicjadn,-@"
Zoe Dyer,/%|;bM-}.=){
Samantha Nichols,[VZq:[hPu-8\
Dr. Joel Douglas,/gl@6+%<.~Nh
Sara Moore,k`UZ3Mv!/rPD
Christina Wall,"Zv!8%v}:""KAx"
Alexander Maxwell,1gg6Ii;N|g~$
Hayley Pearson,S$/{.F1U'P:~
Vincent Moyer,"j/b+]xdE""dG="
Brandon Hernandez,54(N513bEQjr
John Perez DDS,":[ol9nX/fdk"""
Mary Fisher,yA#{\cjv*$oG
Eric Parsons,)4A^Cw*~Sg+v
Juan Powell,Ld=1WeVHtB}9
Christina Peterson,=`}$ka'ETmFv
Tracy Schultz,=b;nc;cjRU\P
Katie Gray,"'5"",7T[Eb(U9"
Jessica Hale,".a,ML-.~!Fif"
Nicole Richmond,"J?(x,*fnnHa?"
Amanda Wilkerson,"Mmf""5V$R""MYF"
Debra Powell,"I<""u<>iRUBlX"
Thomas Villa,~':9xg4|#7bb
Megan Mckee,"jxF%qv,K[6vn"
Luis Hopkins,Z?BB+43aLk:t
Cynthia Alexander,m#e;YnLW%jt]
Jenna Allen,~BA/o%{M>a/r
Emily Walton,tZ3fB;43&'fU
Amy Woodward,"I>""yC(=~R1HK"
Martha Marshall,"Xa=(,sM|*-F6"
Victoria Moore,"{w""tj.f-L=xW"
Robert Marshall,".oYy8R][Q,p?"
Daniel Hunt,"^Phz4qm8,'ck"
Nicholas Miller,~j5yInx4+]?>
James Rodriguez,X_8~#+'5SuIl
Taylor Bright,;s3WNA}JXc{g
Christopher Burton,n2&S^n1*yGId
Matthew Barnes,)Tg0)cpzBRqK
James Hopkins,"niTBg*:;EqK"""
Deanna James,gxaM(5Z(0esY
Lucas Hill,o5pry6e`9f71
Jamie Sandoval,<pk7X2Ky42sZ
Jeffery Wells,"IL%t(cDc%Dy,"
Linda Taylor,#32!|gCS-%iJ
Samuel Garcia,"$H-~FTai,Ds("
Michelle Blake,@Qr<)Yc(3t!v
Gary Livingston,msh}m~)S1Xz0
Lisa Thomas,".),S8Wq/e(#:"
Thomas Johnston,w{l-:Z]UU%t^
Russell Quinn,riBMB*YH^e01
Jeremy Gonzalez,]}EI^Bi4i*+0
Benjamin Page,Z-WV9B5g4Wbj
Valerie Heath,"kVQI7:""yl==p"
Nicholas Patel,",W0s,W6x`3O6"
Jennifer Wilson,]~\lXE}y#CWS
Sandra Owens,"a+Y,oUZ!aVV!"
Johnny Turner,:$2hB;v&P62.
John Jones,K.-8`W;aV%6$
Patricia Nelson,"AbNn=gQSS,2w"
Jeremy Bishop,"M:mxo,4Blk@2"
Randy Mendez,"YYPS\a>""S?Yx"
Elizabeth Schmidt,W!ISy;]l\g*)
Sheila Davis,"4!Qsm*5/<,y#"
Derrick Cannon,!2ZZ4xYT3KxJ
Thomas Jordan,"z1Zv`|^""y13x"
Jennifer Baird,lxyVRWX#|/9c
Wayne Harrison,"W""$so\zaLu)F"
Jessica Rogers,V\ANpGXw^UCw
Cameron Mendez,y2f-?j#k'h*`
Valerie Welch,",f'PJ1ZsECjg"
Rebecca Jenkins,4e+}~X3_*`*Z
Karen Graves,HM=BqG4!^>?^
David Riley,xfXVB/=4a~dL
Denise Warren,t9N*HljN:{$i
Brandon Zavala,Q?g]Fs=Nb!w+
Robin Leonard,Xs+7MhN~Aclw
Richard Salazar,r60x-G?iSw/;
Alyssa Herrera,"uQ:X?OYeC""VL"
Ryan Morrison,Nz9)2lO87Fs*
Matthew Sandoval,"p,XaZm3yV$!V"
John Smith,_VNMZg!EiLIk
David Williams,hYIz_bAUYGo{
Brad Strong,5Gp@GT}udJ%f
Sharon Cowan,"X)epEi,-1\7v"
Travis Schultz,",x06G(_zTED{"
Richard Rodriguez,qWWT:)w(YfY%
Shannon Maxwell,Q}lZ\Ng?.L~1
Marcus Hartman,o2sMoOzElGUP
Pamela Sandoval,ACk=IWD4>EHC
Alan James,d|X_w:Aj?]*i
Frank Brown,mD'_g2S1?u9R
Roger Romero,I.MOQ8@+ShjR
Perry Thompson,"-e4X:GP8E.E"""
Nicole Gordon,"[_J$Em&i32""^"
James Freeman,b3%W.sExEjfb
Casey Wallace,dpF~m2(.F?xK
Billy Hernandez,^@8[;*;uJCfD
Robert Bell,?'yq}T&Zagfh
Justin Walker,/bxZ7GrT1^G.
Gary Mills,K;8F0e(yRM*~
Christy Allen,<yg=<Usg%@N*
Marcus Watkins,$uecT:~.@M2H
Jose Richards,J#I%q_7$-~=Y
Joshua Travis,K${sRimyJT?@
Shelly Logan,"_y]=N""b@DL@X"
Dr. Michele Carter DDS,B[F9LT<aU.Li
Charles Choi,NyL8'>a;H5lm
Raymond Horn,=oo2aD|wtMs_
Daniel Jones,+p+.:kN7.<=-
Tiffany Hall,m9xJ4QoILTFs
Kenneth Contreras,eW}zDhz@K6xE
Jimmy Perkins,$bTc&~7C%X::
Pamela Thompson,"<p[)Iw6B""e!'"
Chad Webb Jr.,<f6i4+R('qSI
Karl Brown,}70W+tJ-fk=K
Robert Cruz,~N1]H$DIOEJJ
Reginald Walker,"ic,H3%#-8E?4"
David Cole,"|Td][Be""n-""g"
Matthew Adams,WM73^9|W'0bn
Walter Becker,"mg<]mBIl"";k+"
Marc Decker,"^PE%1,0qKW{Z"
Michael Ruiz,JbfDpbZF=\h3
Brandon Miller,OgCV+-#1?t9U
Andrea Forbes,FpWwx`6<?mF4
Ryan Williams,}03+;ch}Q%=O
Jenna Fritz,2v#;oI&\\ki!
Jenna Morton,>l{@?~o[$NP!
Cassandra Johnson,*4~34yWd/igc
Heather Melendez,"?qH7Jsw,!tKY"
Carrie Lee,[G0yvX'5>'g.
Katrina Wong,`'5lEzMvX'tN
Lindsay Brown,q4~!$:bnmlh9
Jason Vasquez,jhnJ;UjZxrmZ
Philip Torres,>8L^\``)W6jY
Hannah Gibbs,Imea#gL%DG-C
Tiffany Kennedy,~dpr+TfWRiNi
Haley Matthews,]c-V2bta<T&G
Brian Guerrero,"[q(^,&^uh1yt"
Jodi Miles,O]b+rEE}m%<a
William Wright,}P7wz>_W65)W
Jessica Newman,xHhkd?CWZ:`:
Kelly Wilson,P+9R3WsT7-;W
Crystal Sanchez,s)G3~@4i(1ZT
April Ayers,-`|i1XA*#!S;
Joshua Mills,"]&5""T|{I\q%V"
Matthew Ward,b*8C];{)rk&l
Denise Nelson,BJ.|i*Sps}=M
Deborah Mendez,fXtfP.~}boyr
Ashlee Hampton,"C@x'4Vi)""5)m"
Amanda Petersen,b&#yK?BAa\e=
Melissa Chan,P:>`y2?-xwfA
Lucas Avila,l^l2mxIqw@k4
Christine Miller,Sj\TOP.`;DM9
Brett Erickson,]5!&STak~Kb~
James Mccullough,%sVZ_rufL=Sb
Matthew Wood,&)xnZ=PGC@;j
Scott Wolfe,ge]{l-*8OdQY
Christopher Allen Jr.,pTI9In<)oOp0
Natalie Vargas,WoB%yB8)WvfB
Todd Bryant,aO0KZA97M&W'
Melanie Griffin,gsi^~Z)wh8'g
Dr. Jessica Johnson,\>7w=?.^VNc&
Makayla Thompson,j8~%PRvSu<+k
Melissa Green,c&ydS@`DsMNm
Anna Wilcox,"xV""&iQ.VPy^{"
Laura Green,@pHSBN+OXY(<
Gregory Harding,b6l-qUn$@=4C
Justin Jackson MD,>{J%^-k8D@oj
Kathryn Blair,cT`'D\4yjlAU
Matthew Smith,0a{T@o<t*f<5
Douglas Walton,"5g`i@`""A#u-n"
John Powell,cn?g||v^6)E=
Danielle James,"\vK]2,kM,/8c"
Julie Johnson PhD,"AEVoG9R3i,tY"
Jose Mcclure,"\o4%{ON""oR:o"
Billy Price,\>7wCBdf6OUB
Pamela Holmes,8n~y~P}$z3~F
Frank Valdez,k}o7b0!2D_h[
Jordan Schultz,"up,_?dGF^/['"
Matthew Edwards,"6y#}Q`tK*&p"""
Roberto White,=mb\Ez;:|Aoo
Christopher Smith,"|d]y>,mCTdg@"
William Stevenson,s;5W*xa>EeF[
David Villegas,"=AEC^OuGce,k"
Dr. Joseph Griffith,#il{2OR^:n#[
Crystal King,"zT$&y6,I^+Qh"
Brianna Clark,c4u45Iv&@SG!
Dorothy Hernandez,"a(%H|T:,U|tF"
Stacie Johnson,"I""e6(-,zHw71"
Stephanie Solis,k.{YR/*d?-#6
Stephen Robbins,H7D!z6-U:&~R
Nicole Leonard,xui8B-[Rpt>J
Stephanie Todd,"Z=tA;D&kO9:,"
Allison Thomas,"deXrQSKY3p,|"
Robin Smith,"[a]+',1hMx/C"
Jonathan Baker,F^MQ51'^H#pU
Brian Rios,0%\H}{Y-NlDS
Shane Melendez,"8UQ""JJx72mV3"
Tara Hayes,"%5D/$B:t"")0~"
Jenna Pena,F!:|E/wc\$a'
Adam Cruz,"d""67p]^e(Af+"
Scott Garcia,oi)Cp-KPytz0
Eric Dennis,"+iCOC&""-d\'l"
Tracy Mcbride,"e^xT,0XUo""x/"
Virginia Jones,EPZT-7i^phE}
Robin Richards,H]ZJQVrQR?iu
Samantha Logan,2QSyL4gf=_o<
Mr. Andrew Ward,3d@.T)ZI<Dj.
Daniel Callahan,EoQ>\g::Lp8K
Laura Flores,>@|02tN}-'!E
Joseph Torres,"BxW@$""%u0BFL"
Matthew Sampson,n:[\=1<}Z]Z%
Nicole Michael MD,ZR'0k}Ac92=g
Lauren Kelley,"rQ>""PK?MvGbz"
Michael Ruiz,[p$SwLt$ZwB/
David Davis,"lgJ4lTK""G0+."
Gregory Schwartz,Rs`nNW6TSVw:
Stephanie Lane,"1""JHg;N89[)|"
Wendy Haynes,=BgFv+sSb[hn
Robert Cook DDS,8?!nz$<)`?oF
Melissa Combs,%Cf_m*Zm0vqP
John Pugh,4dpI0R8kvhWV
Kenneth Green,"|[""rOEz%fO/r"
Angela Campbell,"eIy2a,:vDk:e"
Douglas Osborne,CcC]qG\Feh0p
Jeffrey Chavez,J#{{cfETTeGR
Danielle Rodriguez,"SX""g1mAr$0Yh"
Larry May,kOQm~HQsC.RH
Steven Tucker,?cMh{y^/[qd@
Kayla Morgan,S(Zg:N*K^NgJ
Theresa Clayton,C_<MdW_vR+mx
David Jenkins,.}[$1:y]n*%^
William Barker,3{f~UV6j1Eu9
Wanda White,#nkyxt.y7\Qa
Darrell Johnson,5/J{uasB<Jf}
Amy Richard,"YXogm(8s<6""e"
Christina Jones,"""GtsRoENdMb["
Angela Flores,Vg)SlZ{*dyZ/
Ryan Fletcher,e6X{jjSe9EGX
Joe Gibson IV,X_^9|13Q~NKt
Sherry Stevens,a|tTntHPFXM:
Rebecca Stewart,e\;*h<cs\3vU
Courtney Oconnell,r=a1|<xHhJ\H
Robert Thomas,TwI=h{Z~lQFf
Deborah Morrow,`c4_=VZz}ZDI
Brandy Shaw,K4afAVzheLK1
Kimberly Anderson,'1$R{]bMoxxy
Ann Woodward,O~I3qx%I3^:C
Angelica Johnson,|U-$^VyAB*HB
Tina Garrett,"RsGdJSN,y#T0"
Jennifer Jones,"?\X)B_G""$""@h"
Anthony Stevenson,<HDI:yzv/h]<
Clinton Martinez,"Jm]W{iB3?""GT"
Megan Cole,/h?T_rr_`?f\
Tami Gonzales,32WbLdy$+EG@
Mr. David Matthews,",0fb?\H/J{Wd"
William Harvey,hfK|phI8s?'3
William Austin MD,"FBo>""666|Dg{"
Chelsea Murphy,`@[-.)%6='>>
Sydney Fields,JFOSLt];yw&i
Matthew Waller,d^^Sneu}%x0n
Paul Mathews,Ayj[wJU#ODm_
Stacy Kemp,Tn/G+.*sghvg
Johnny Wiley,GnbU7cC9BS.e
Frank Watson,<%k>Ydh[&_CF
Zoe Waller,t2vg|*tjr<A|
Rodney Rogers,s=q;Bor*5O:I
Jason Cole,leW2wjL!8s<s
Mark Jordan,;xy'^#v@acFB
Donna Jones MD,1h&m}|]Z]VX2
Sharon Castro,(T6(P7y!F[iR
Daniel Jacobson,-.q<2!j@Weqe
Dennis Williams,"qnus,d-@sk_>"
Cathy Foster,2{H2uov|ElW-
Christopher Rice,Gfm'v)vtdV$&
Garrett Pierce,&rv4zzobowx+
Carol Dunlap,*P<l34:'Dn90
Deborah Reeves,"jA|h9C=7,{q|"
Mrs. Melissa Wallace,"`(?BH,yRyQ?B"
Erika Porter,"MaqcP77&u%,a"
Kimberly Taylor,v\n<!]0;lP52
Katherine Yates,pNWnQqd*ahC-
Yolanda Holmes,"t[dAR7[`4g""b"
Jeffrey Anderson,d1M/D.gUB.$A
Anthony Adams,0)BJ)oA^Sw//
Jason Turner,Fr@X%3[VoYK=
Nicole Martin,3ubCB6zBlJ;z
Jennifer Smith,TbOnpo-/x>bz
Emily Jenkins,"GX6,^KQZlUTN"
Nancy Chang,DJ4qKBP(:8>O
Regina Larson,"m9qPBiEeHNx,"
Brittany Kim PhD,B`jz+Ud_*cw}
Keith Young,]^/S$iR[9x_&
William Smith,x~`Yo$^%H'[e
Melinda Mueller,]l0k@Yz:L6<Q
Brian Burke,S8A&|[0Y'/kh
Dustin Ross,tsSlp}xh.58/
Debbie Martinez,(wlIXj!\rG2r
Anthony Thomas,Bfa%Z>C+[gQr
Mrs. Heather Thompson PhD,:`nV/)&A`KYL
Christine Hays,j/561exIVv{0
Raymond Douglas,zr&x32Pd[&0@
Amy Braun,q&d-zRae(/W>
Cory Smith,Wjs\5=2W&i(v
Grant Gray,",v0H$[wc1+PQ"
Manuel Herrera,`m6hN>`@A1fu
Jeffery Walker,"I_d3""$oItE%]"
Roy Rangel,cWy=e([-XxC8
George Kirk,N5I\kAeI+P>-
Tara Meyer,!KPNBTR9o#/T
Rachael Smith,"cH(%>hA,+%R;"
Clifford Murray,!FF-4^[o'%k_
Carla Lucas,+&~8dg&+>o!W
Meagan Walton,ZY[Z-cXvQ`O!
Jose Hunt,O]>.sE(Zx>)H
Troy Hicks,W(M5C9B0fi(R
Daniel Jones,04s;\z6kUD-N
Kimberly King,Wsc7Su)otuG)
Edward Stevens,NgN/Vx<M)W%F
Christina Lutz,G$!!3Sl9q9Nd
Joseph Scott,IsA$V{OUwYX@
Steven Gill,Qx05XuXw?nG-
Ms. Gina Stephens DVM,"$9W>,6Qk@0J9"
Brittany Serrano,)$m#5GnMPcDZ
Ryan Edwards,"-%U$Qf|EZ=""/"
Lauren Wilson,g>;.ObYH4b/P
Jamie Smith,"<)b""`4sUo+YT"
Lauren Garcia,Ad?wb)12X3M%
Brandon Johnson,~;u1w#)-4]v.
Keith Martinez,+D2;`ua|#h?S
Ronald Jones,j?k\Z\>TC*B~
Whitney Miller,egW%{U;$_GK/
